{
    "base": "BTC",
    "quote": "USDT",
    "init_capital": 10000,
    "position_quantity": 1.019,
    "position_entry_price": 9785.2,
    "position_losscut_price": 0,
    "position_entry_time": "2020-02-07T05:20:00.000000Z",
    "total_equity": 9972.528631670719,
    "total_profit": -27.4713683292819,
    "max_equity": 9989.820405063861,
    "mdd": 0.17309393654742192,
    "total_trade": 6,
    "win_trade": 1,
    "win_profit": 1.97329693577014,
    "lose_trade": 5,
    "loss_profit": 29.444665265052038
}